<?xml version="1.0" encoding="UTF-8"?>
<beans xmlns="http://www.springframework.org/schema/beans"
	xmlns:context="http://www.springframework.org/schema/context"
	xmlns:mvc="http://www.springframework.org/schema/mvc" 
	xmlns:xsi="http://www.w3.org/2001/XMLSchema-instance"
	xmlns:tx="http://www.springframework.org/schema/tx"
	xsi:schemaLocation="
        http://www.springframework.org/schema/beans     
        http://www.springframework.org/schema/beans/spring-beans-3.0.xsd
        http://www.springframework.org/schema/context 
        http://www.springframework.org/schema/context/spring-context-3.0.xsd
        http://www.springframework.org/schema/mvc
        http://www.springframework.org/schema/mvc/spring-mvc-3.0.xsd
        http://www.springframework.org/schema/tx 
        http://www.springframework.org/schema/tx/spring-tx-3.2.xsd">
        
         <bean id="prod" class="com.cg.springdemoone.dto.Product" autowire="byType"  >
         <property name="id" value="1"></property>
         <property name="name" value="TV"></property>
         <property name="price" value="200000.0"></property>
         <property name="description" value="4K"></property>
        
        <!--  <property name="item">
          <list>
         <ref bean="one"></ref>
            <ref bean="two"></ref>
               <ref bean="three"></ref>
         </list>
         </property> -->
         </bean>

		
	<!-- <constructor-arg index='0' value="11"></constructor-arg>
		<constructor-arg index='1' value="abc"></constructor-arg> -->	
		
		<bean id="one" class="com.cg.springdemoone.dto.Item">
		<constructor-arg name="id" value="11"></constructor-arg>
		<constructor-arg name="nameOfShop" value="abc"></constructor-arg>
		 </bean>
		
		 <bean id="two" class="com.cg.springdemoone.dto.Item">
		<constructor-arg name="id" value="12"></constructor-arg>
		<constructor-arg name="nameOfShop" value="abc"></constructor-arg>
		 </bean>
		 
		 <bean id="three" class="com.cg.springdemoone.dto.Item">
		<constructor-arg name="id" value="13"></constructor-arg>
		<constructor-arg name="nameOfShop" value="abc"></constructor-arg>
		 </bean>
		 
		 <bean id="four" class="com.cg.springdemoone.dto.Item">
		<constructor-arg name="id" value="14"></constructor-arg>
		<constructor-arg name="nameOfShop" value="abc"></constructor-arg>
		 </bean>
</beans>